null.deviance,df.null,logLik,AIC,BIC,deviance,df.residual,nobs
451.72890812594756,88,-248.6231666430655,509.246333286131,524.1781515045238,83.03679028928237,83,89
