term,estimate,std.error,statistic,p.value
(Intercept),3.768948704356916,0.06159146626805576,61.19270952170318,0
biomass,-0.10793276616241124,0.012662815631171049,-8.523599277298306,1.5467008937125693e-17
phlow,-0.8163963508385421,0.10287307297308125,-7.9359576538767165,2.0887727514245314e-15
phmid,-0.3322876842014253,0.0922086478521654,-3.6036498955517646,3.137796515089285e-4
biomass:phlow,-0.15422519812740088,0.040085931210079445,-3.847364735501556,1.1939515679622882e-4
biomass:phmid,-0.03108903878287984,0.023169722023164252,-1.3417959331492255,0.17966217121800138
